Inventar-ID;Inventar-Nr;Inventar-Bezeichnung;Serien-Nr.;Anlagenbezeichnung/EMTEC;Typ / Modell;Materialbez.;Basisstelle;Einsatzstelle;letzte Stelle;Fahrzeug;Besitz;Anschaffung;Ausmusterungsdatum;Anschaffungskosten;Gehört zu Inventar-Nr;Lagerort;Anlagenkonto;Reservierung bis;Bemerkung;Barcode;Aktiv;Aktives Produkt;Hat Bild;Örtlicher Bereich;Haus;Ebene;Raum;Baujahr;Garantie von;Garantie bis;Aktennummer;Neubeschaff.preis;Abschreibungssatz;Monatsabschreibung;Restwert;abgeschrieben am;Instandhaltungsgrenze Jahr;Instandhaltungsgrenze;Instandhaltungskosten;Nutzungsdauer;technischer Nutzungssatz;technische Monatsabschreibung;technischer Restwert;technisch abgeschrieben am;Spannung;Strom;Leistung;Messfunktion vorhanden;IT fähig;CE Kennzeichen vorh.;Schutzart IP-Code;Anzahl Anschlüsse;Anschlussleitung fest;Anlageort fest;Gehört zu;Zuordnung;man. Benutzer;Benutzer;Änderungsdatum/Zeit;man. Änderungsdatum;Hersteller;Logistik-Status;Anleitung vorhanden;Kundendienst;Technik-Status;Technik-Anlage;MPG Klasse;Lieferant;MP Verantwortlicher;MP Beauftragter;Verantwortlicher §5;Geräteklassifikation VDE;Kostenstelle;Kostenart;Konto;Fachbereich;CAD-ID;Inventar-Garantie (Monate);Letzter Raum (Barcode);Letzter Raum (Nr);letzter Raum;Letzter Raum (Zeitstempel);Typ/Modell Freitext;Netzwerknummer;IP-Adresse;Budget;Anzahl Aufträge;Eingabenummer;Fremd-ID;Anzahl Tätigkeiten;Anzahl Termine;Anzahl Verträge;Länge;Breite;Höhe;Gewicht;Farbe;Fläche;Zusammensetzung;Inbetriebnahmedatum;End-Of-Service;Risikoklasse;EMTEC-Bezeichnung;EMTEC-Code;Verfügbarkeitsstufe;Investitionsnummer (Zugang);Investitionsnummer (Abgang);Projekt;Abrechnungscode;Geplanter Hersteller;Geplanter Typ;Ersetzt durch;1. Erneuerung;2. Erneuerung;Erneuerung (Verlängerung);1. Investitionssumme;2. Investitionssumme;Investitionssumme (Verlängerung);Bereitstellungspauschale (Normal);Bereitstellungspauschale (Verlängerung);Bewirtschaftungspauschale (Normal);Bewirtschaftungspauschale (Verlängerung);Verbrauchsmaterialpauschale Normal;Verbrauchsmaterialpauschale Verlängerung;Investitionsantragsnummer;Hauptgerät;Sammelposition Anzahl;Softwareversion;Leistung A;Leistung B;Leistung C
5320;5015002;ZLA - 001;;;;ZLA;AWT ZLA REIN;;AWT Bahnhof HNO/A;;;;;;;;;;;05015002;WAHR;FALSCH;FALSCH;;;;;;;;;;;;;;;;;;;;;;;;;FALSCH;FALSCH;;;;FALSCH;FALSCH;;;ABAZI;DYN_Import;07-05-2020  11:59;09.10.2021;;belegt;FALSCH;;;;;;;;;;;;;;;;;;;;;;;;1637;;;;;;;;;;;;;;;;;;;;;;;;;;;;;;;;;;;;;;;FALSCH;1;;;;
5321;5015003;ZLA - 002;;;;ZLA;AWT ZLA REIN;;AWT Bahnhof K2;;;;;0;;;;;;05015003;WAHR;FALSCH;FALSCH;;;;;;;;;;;;;;;;;;;;;;;;;FALSCH;FALSCH;;;;FALSCH;FALSCH;;;;DYN_Import;07-05-2020  11:59;;;belegt;FALSCH;;;;;;;;;;;;;;;;;;;;;;;;1496;;;;;;;;;;;;;;;;;;;;;;;;;;;;;;;;;;;;;;;FALSCH;;;;;
5322;5015004;ZLA - 003;;;;ZLA;AWT ZLA REIN;;AWT Bahnhof F1;;;;;0;;;;;;05015004;WAHR;FALSCH;FALSCH;;;;;;;;;;;;;;;;;;;;;;;;;FALSCH;FALSCH;;;;FALSCH;FALSCH;;;;DYN_Import;07-05-2020  11:59;;;belegt;FALSCH;;;;;;;;;;;;;;;;;;;;;;;;1286;;;;;;;;;;;;;;;;;;;;;;;;;;;;;;;;;;;;;;;FALSCH;;;;;
5323;5015005;ZLA - 004;;;;ZLA;AWT ZLA REIN;;AWT Bahnhof F1;;;;;0;;;;;;05015005;WAHR;FALSCH;FALSCH;;;;;;;;;;;;;;;;;;;;;;;;;FALSCH;FALSCH;;;;FALSCH;FALSCH;;;;DYN_Import;07-05-2020  11:59;;;belegt;FALSCH;;;;;;;;;;;;;;;;;;;;;;;;1746;;;;;;;;;;;;;;;;;;;;;;;;;;;;;;;;;;;;;;;FALSCH;;;;;
5324;5015006;ZLA - 005;;;;ZLA;AWT ZLA REIN;;AWT Bahnhof K2;;;;;0;;;;;;05015006;WAHR;FALSCH;FALSCH;;;;;;;;;;;;;;;;;;;;;;;;;FALSCH;FALSCH;;;;FALSCH;FALSCH;;;;DYN_Import;07-05-2020  11:59;;;belegt;FALSCH;;;;;;;;;;;;;;;;;;;;;;;;1925;;;;;;;;;;;;;;;;;;;;;;;;;;;;;;;;;;;;;;;FALSCH;;;;;
5325;5015007;ZLA - 006;;;;ZLA;AWT ZLA REIN;;AWT Bahnhof K1;;;;;0;;;;;;05015007;WAHR;FALSCH;FALSCH;;;;;;;;;;;;;;;;;;;;;;;;;FALSCH;FALSCH;;;;FALSCH;FALSCH;;;;DYN_Import;07-05-2020  11:59;;;belegt;FALSCH;;;;;;;;;;;;;;;;;;;;;;;;1680;;;;;;;;;;;;;;;;;;;;;;;;;;;;;;;;;;;;;;;FALSCH;;;;;
5326;5015008;ZLA - 007;;;;ZLA;AWT ZLA REIN;;AWT Bahnhof M3;;;;;0;;;;;;05015008;WAHR;FALSCH;FALSCH;;;;;;;;;;;;;;;;;;;;;;;;;FALSCH;FALSCH;;;;FALSCH;FALSCH;;;;DYN_Import;07-05-2020  11:59;;;belegt;FALSCH;;;;;;;;;;;;;;;;;;;;;;;;308;;;;;;;;;;;;;;;;;;;;;;;;;;;;;;;;;;;;;;;FALSCH;;;;;
5327;5015009;ZLA - 008;;;;ZLA;AWT ZLA REIN;;AWT Bahnhof NZ2;;;;;0;;;;;;05015009;WAHR;FALSCH;FALSCH;;;;;;;;;;;;;;;;;;;;;;;;;FALSCH;FALSCH;;;;FALSCH;FALSCH;;;;DYN_Import;07-05-2020  11:59;;;belegt;FALSCH;;;;;;;;;;;;;;;;;;;;;;;;665;;;;;;;;;;;;;;;;;;;;;;;;;;;;;;;;;;;;;;;FALSCH;;;;;
5328;5015010;ZLA - 009;;;;ZLA;AWT ZLA REIN;;AWT Bahnhof M3;;;;;0;;;;;;05015010;WAHR;FALSCH;FALSCH;;;;;;;;;;;;;;;;;;;;;;;;;FALSCH;FALSCH;;;;FALSCH;FALSCH;;;;DYN_Import;07-05-2020  11:59;;;belegt;FALSCH;;;;;;;;;;;;;;;;;;;;;;;;1372;;;;;;;;;;;;;;;;;;;;;;;;;;;;;;;;;;;;;;;FALSCH;;;;;
5329;5015011;ZLA - 010;;;;ZLA;AWT ZLA REIN;;AWT Bahnhof M2;;;;;0;;;;;;05015011;WAHR;FALSCH;FALSCH;;;;;;;;;;;;;;;;;;;;;;;;;FALSCH;FALSCH;;;;FALSCH;FALSCH;;;;DYN_Import;07-05-2020  11:59;;;belegt;FALSCH;;;;;;;;;;;;;;;;;;;;;;;;2625;;;;;;;;;;;;;;;;;;;;;;;;;;;;;;;;;;;;;;;FALSCH;;;;;
5330;5015012;ZLA - 011;;;;ZLA;AWT ZLA REIN;;AWT Bahnhof M3;;;;;0;;;;;;05015012;WAHR;FALSCH;FALSCH;;;;;;;;;;;;;;;;;;;;;;;;;FALSCH;FALSCH;;;;FALSCH;FALSCH;;;;DYN_Import;07-05-2020  11:59;;;belegt;FALSCH;;;;;;;;;;;;;;;;;;;;;;;;1913;;;;;;;;;;;;;;;;;;;;;;;;;;;;;;;;;;;;;;;FALSCH;;;;;
5331;5015013;ZLA - 012;;;;ZLA;AWT ZLA REIN;;AWT Bahnhof M3;;;;;0;;;;;;05015013;WAHR;FALSCH;FALSCH;;;;;;;;;;;;;;;;;;;;;;;;;FALSCH;FALSCH;;;;FALSCH;FALSCH;;;;DYN_Import;07-05-2020  11:59;;;belegt;FALSCH;;;;;;;;;;;;;;;;;;;;;;;;1512;;;;;;;;;;;;;;;;;;;;;;;;;;;;;;;;;;;;;;;FALSCH;;;;;
5332;5015014;ZLA - 013;;;;ZLA;AWT ZLA REIN;;AWT Bahnhof M3;;;;;0;;;;;;05015014;WAHR;FALSCH;FALSCH;;;;;;;;;;;;;;;;;;;;;;;;;FALSCH;FALSCH;;;;FALSCH;FALSCH;;;;DYN_Import;07-05-2020  11:59;;;belegt;FALSCH;;;;;;;;;;;;;;;;;;;;;;;;1412;;;;;;;;;;;;;;;;;;;;;;;;;;;;;;;;;;;;;;;FALSCH;;;;;
5333;5015015;ZLA - 014;;;;ZLA;AWT ZLA REIN;;AWT Bahnhof IT;;;;;0;;;;;;05015015;WAHR;FALSCH;FALSCH;;;;;;;;;;;;;;;;;;;;;;;;;FALSCH;FALSCH;;;;FALSCH;FALSCH;;;;DYN_Import;07-05-2020  11:59;;;belegt;FALSCH;;;;;;;;;;;;;;;;;;;;;;;;1457;;;;;;;;;;;;;;;;;;;;;;;;;;;;;;;;;;;;;;;FALSCH;;;;;
5334;5015016;ZLA - 015;;;;ZLA;AWT ZLA REIN;;AWT Bahnhof NZ2;;;;;0;;;;;;05015016;WAHR;FALSCH;FALSCH;;;;;;;;;;;;;;;;;;;;;;;;;FALSCH;FALSCH;;;;FALSCH;FALSCH;;;;DYN_Import;07-05-2020  11:59;;;belegt;FALSCH;;;;;;;;;;;;;;;;;;;;;;;;1624;;;;;;;;;;;;;;;;;;;;;;;;;;;;;;;;;;;;;;;FALSCH;;;;;
5335;5015017;ZLA - 016;;;;ZLA;AWT ZLA REIN;;AWT Bahnhof NZ1;;;;;0;;;;;;05015017;WAHR;FALSCH;FALSCH;;;;;;;;;;;;;;;;;;;;;;;;;FALSCH;FALSCH;;;;FALSCH;FALSCH;;;;DYN_Import;07-05-2020  11:59;;;belegt;FALSCH;;;;;;;;;;;;;;;;;;;;;;;;1738;;;;;;;;;;;;;;;;;;;;;;;;;;;;;;;;;;;;;;;FALSCH;;;;;
5336;5015018;ZLA - 017;;;;ZLA;AWT ZLA REIN;;AWT Bahnhof NZ1;;;;;0;;;;;;05015018;WAHR;FALSCH;FALSCH;;;;;;;;;;;;;;;;;;;;;;;;;FALSCH;FALSCH;;;;FALSCH;FALSCH;;;;DYN_Import;07-05-2020  11:59;;;belegt;FALSCH;;;;;;;;;;;;;;;;;;;;;;;;1722;;;;;;;;;;;;;;;;;;;;;;;;;;;;;;;;;;;;;;;FALSCH;;;;;
5337;5015019;ZLA - 018;;;;ZLA;AWT ZLA REIN;;AWT Bahnhof K2;;;;;0;;;;;;05015019;WAHR;FALSCH;FALSCH;;;;;;;;;;;;;;;;;;;;;;;;;FALSCH;FALSCH;;;;FALSCH;FALSCH;;;;DYN_Import;07-05-2020  11:59;;;belegt;FALSCH;;;;;;;;;;;;;;;;;;;;;;;;1882;;;;;;;;;;;;;;;;;;;;;;;;;;;;;;;;;;;;;;;FALSCH;;;;;
5338;5015020;ZLA - 019;;;;ZLA;AWT ZLA REIN;;AWT Bahnhof F2;;;;;0;;;;;;05015020;WAHR;FALSCH;FALSCH;;;;;;;;;;;;;;;;;;;;;;;;;FALSCH;FALSCH;;;;FALSCH;FALSCH;;;;DYN_Import;07-05-2020  11:59;;;belegt;FALSCH;;;;;;;;;;;;;;;;;;;;;;;;1087;;;;;;;;;;;;;;;;;;;;;;;;;;;;;;;;;;;;;;;FALSCH;;;;;
5339;5015021;ZLA - 020;;;;ZLA;AWT ZLA REIN;;AWT Bahnhof NZ1;;;;;0;;;;;;05015021;WAHR;FALSCH;FALSCH;;;;;;;;;;;;;;;;;;;;;;;;;FALSCH;FALSCH;;;;FALSCH;FALSCH;;;;DYN_Import;07-05-2020  11:59;;;belegt;FALSCH;;;;;;;;;;;;;;;;;;;;;;;;1856;;;;;;;;;;;;;;;;;;;;;;;;;;;;;;;;;;;;;;;FALSCH;;;;;
5340;5015022;ZLA - 021;;;;ZLA;AWT ZLA REIN;;AWT Bahnhof F1;;;;;0;;;;;;05015022;WAHR;FALSCH;FALSCH;;;;;;;;;;;;;;;;;;;;;;;;;FALSCH;FALSCH;;;;FALSCH;FALSCH;;;;DYN_Import;07-05-2020  11:59;;;belegt;FALSCH;;;;;;;;;;;;;;;;;;;;;;;;1461;;;;;;;;;;;;;;;;;;;;;;;;;;;;;;;;;;;;;;;FALSCH;;;;;
5341;5015023;ZLA - 022;;;;ZLA;AWT ZLA REIN;;AWT Bahnhof M2;;;;;0;;;;;;05015023;WAHR;FALSCH;FALSCH;;;;;;;;;;;;;;;;;;;;;;;;;FALSCH;FALSCH;;;;FALSCH;FALSCH;;;;DYN_Import;07-05-2020  11:59;;;belegt;FALSCH;;;;;;;;;;;;;;;;;;;;;;;;1507;;;;;;;;;;;;;;;;;;;;;;;;;;;;;;;;;;;;;;;FALSCH;;;;;
5342;5015024;ZLA - 023;;;;ZLA;AWT ZLA REIN;;AWT Bahnhof M3;;;;;0;;;;;;05015024;WAHR;FALSCH;FALSCH;;;;;;;;;;;;;;;;;;;;;;;;;FALSCH;FALSCH;;;;FALSCH;FALSCH;;;;DYN_Import;07-05-2020  11:59;;;belegt;FALSCH;;;;;;;;;;;;;;;;;;;;;;;;1657;;;;;;;;;;;;;;;;;;;;;;;;;;;;;;;;;;;;;;;FALSCH;;;;;
5343;5015025;ZLA - 024;;;;ZLA;AWT ZLA REIN;;AWT Bahnhof K1;;;;;0;;;;;;05015025;WAHR;FALSCH;FALSCH;;;;;;;;;;;;;;;;;;;;;;;;;FALSCH;FALSCH;;;;FALSCH;FALSCH;;;;DYN_Import;07-05-2020  11:59;;;belegt;FALSCH;;;;;;;;;;;;;;;;;;;;;;;;1482;;;;;;;;;;;;;;;;;;;;;;;;;;;;;;;;;;;;;;;FALSCH;;;;;
5344;5015026;ZLA - 025;;;;ZLA;AWT ZLA REIN;;AWT Bahnhof M3;;;;;0;;;;;;05015026;WAHR;FALSCH;FALSCH;;;;;;;;;;;;;;;;;;;;;;;;;FALSCH;FALSCH;;;;FALSCH;FALSCH;;;;DYN_Import;07-05-2020  11:59;;;belegt;FALSCH;;;;;;;;;;;;;;;;;;;;;;;;2023;;;;;;;;;;;;;;;;;;;;;;;;;;;;;;;;;;;;;;;FALSCH;;;;;
5345;5015027;ZLA - 026;;;;ZLA;AWT ZLA REIN;;AWT Bahnhof F2;;;;;0;;;;;;05015027;WAHR;FALSCH;FALSCH;;;;;;;;;;;;;;;;;;;;;;;;;FALSCH;FALSCH;;;;FALSCH;FALSCH;;;;DYN_Import;07-05-2020  11:59;;;belegt;FALSCH;;;;;;;;;;;;;;;;;;;;;;;;1802;;;;;;;;;;;;;;;;;;;;;;;;;;;;;;;;;;;;;;;FALSCH;;;;;
5346;5015028;ZLA - 027;;;;ZLA;AWT ZLA REIN;;AWT Bahnhof M3;;;;;0;;;;;;05015028;WAHR;FALSCH;FALSCH;;;;;;;;;;;;;;;;;;;;;;;;;FALSCH;FALSCH;;;;FALSCH;FALSCH;;;;DYN_Import;07-05-2020  11:59;;;belegt;FALSCH;;;;;;;;;;;;;;;;;;;;;;;;1452;;;;;;;;;;;;;;;;;;;;;;;;;;;;;;;;;;;;;;;FALSCH;;;;;
5347;5015029;ZLA - 028;;;;ZLA;AWT ZLA REIN;;AWT Bahnhof NZ2;;;;;0;;;;;;05015029;WAHR;FALSCH;FALSCH;;;;;;;;;;;;;;;;;;;;;;;;;FALSCH;FALSCH;;;;FALSCH;FALSCH;;;;DYN_Import;07-05-2020  11:59;;;belegt;FALSCH;;;;;;;;;;;;;;;;;;;;;;;;1805;;;;;;;;;;;;;;;;;;;;;;;;;;;;;;;;;;;;;;;FALSCH;;;;;
5348;5015030;ZLA - 029;;;;ZLA;AWT ZLA REIN;;AWT Bahnhof K1;;;;;0;;;;;;05015030;WAHR;FALSCH;FALSCH;;;;;;;;;;;;;;;;;;;;;;;;;FALSCH;FALSCH;;;;FALSCH;FALSCH;;;;DYN_Import;07-05-2020  11:59;;;belegt;FALSCH;;;;;;;;;;;;;;;;;;;;;;;;1488;;;;;;;;;;;;;;;;;;;;;;;;;;;;;;;;;;;;;;;FALSCH;;;;;
5349;5015031;ZLA - 030;;;;ZLA;AWT ZLA REIN;;AWT Bahnhof HNO/A;;;;;0;;;;;;05015031;WAHR;FALSCH;FALSCH;;;;;;;;;;;;;;;;;;;;;;;;;FALSCH;FALSCH;;;;FALSCH;FALSCH;;;;DYN_Import;07-05-2020  11:59;;;belegt;FALSCH;;;;;;;;;;;;;;;;;;;;;;;;1811;;;;;;;;;;;;;;;;;;;;;;;;;;;;;;;;;;;;;;;FALSCH;;;;;
5350;5015032;ZLA - 031;;;;ZLA;AWT ZLA REIN;;AWT Bahnhof NZ1;;;;;0;;;;;;05015032;WAHR;FALSCH;FALSCH;;;;;;;;;;;;;;;;;;;;;;;;;FALSCH;FALSCH;;;;FALSCH;FALSCH;;;;DYN_Import;07-05-2020  11:59;;;belegt;FALSCH;;;;;;;;;;;;;;;;;;;;;;;;1890;;;;;;;;;;;;;;;;;;;;;;;;;;;;;;;;;;;;;;;FALSCH;;;;;
5351;5015033;ZLA - 032;;;;ZLA;AWT ZLA REIN;;AWT Bahnhof NZ2;;;;;0;;;;;;05015033;WAHR;FALSCH;FALSCH;;;;;;;;;;;;;;;;;;;;;;;;;FALSCH;FALSCH;;;;FALSCH;FALSCH;;;;DYN_Import;07-05-2020  11:59;;;belegt;FALSCH;;;;;;;;;;;;;;;;;;;;;;;;1428;;;;;;;;;;;;;;;;;;;;;;;;;;;;;;;;;;;;;;;FALSCH;;;;;
5352;5015034;ZLA - 033;;;;ZLA;AWT ZLA REIN;;AWT Bahnhof IT;;;;;0;;;;;;05015034;WAHR;FALSCH;FALSCH;;;;;;;;;;;;;;;;;;;;;;;;;FALSCH;FALSCH;;;;FALSCH;FALSCH;;;;DYN_Import;07-05-2020  11:59;;;belegt;FALSCH;;;;;;;;;;;;;;;;;;;;;;;;1822;;;;;;;;;;;;;;;;;;;;;;;;;;;;;;;;;;;;;;;FALSCH;;;;;
5353;5015035;ZLA - 034;;;;ZLA;AWT ZLA REIN;;AWT Bahnhof F1;;;;;0;;;;;;05015035;WAHR;FALSCH;FALSCH;;;;;;;;;;;;;;;;;;;;;;;;;FALSCH;FALSCH;;;;FALSCH;FALSCH;;;;DYN_Import;07-05-2020  11:59;;;belegt;FALSCH;;;;;;;;;;;;;;;;;;;;;;;;1751;;;;;;;;;;;;;;;;;;;;;;;;;;;;;;;;;;;;;;;FALSCH;;;;;
5354;5015036;ZLA - 035;;;;ZLA;AWT ZLA REIN;;AWT Bahnhof IT;;;;;0;;;;;;05015036;WAHR;FALSCH;FALSCH;;;;;;;;;;;;;;;;;;;;;;;;;FALSCH;FALSCH;;;;FALSCH;FALSCH;;;;DYN_Import;07-05-2020  11:59;;;belegt;FALSCH;;;;;;;;;;;;;;;;;;;;;;;;860;;;;;;;;;;;;;;;;;;;;;;;;;;;;;;;;;;;;;;;FALSCH;;;;;
5355;5015037;ZLA - 036;;;;ZLA;AWT ZLA REIN;;AWT Bahnhof K1;;;;;0;;;;;;05015037;WAHR;FALSCH;FALSCH;;;;;;;;;;;;;;;;;;;;;;;;;FALSCH;FALSCH;;;;FALSCH;FALSCH;;;;DYN_Import;07-05-2020  11:59;;;belegt;FALSCH;;;;;;;;;;;;;;;;;;;;;;;;1688;;;;;;;;;;;;;;;;;;;;;;;;;;;;;;;;;;;;;;;FALSCH;;;;;
5356;5015038;ZLA - 037;;;;ZLA;AWT ZLA REIN;;AWT Bahnhof IT;;;;;0;;;;;;05015038;WAHR;FALSCH;FALSCH;;;;;;;;;;;;;;;;;;;;;;;;;FALSCH;FALSCH;;;;FALSCH;FALSCH;;;;DYN_Import;07-05-2020  11:59;;;belegt;FALSCH;;;;;;;;;;;;;;;;;;;;;;;;1920;;;;;;;;;;;;;;;;;;;;;;;;;;;;;;;;;;;;;;;FALSCH;;;;;
5357;5015039;ZLA - 038;;;;ZLA;AWT ZLA REIN;;AWT Bahnhof M2;;;;;0;;;;;;05015039;WAHR;FALSCH;FALSCH;;;;;;;;;;;;;;;;;;;;;;;;;FALSCH;FALSCH;;;;FALSCH;FALSCH;;;;DYN_Import;07-05-2020  11:59;;;belegt;FALSCH;;;;;;;;;;;;;;;;;;;;;;;;1509;;;;;;;;;;;;;;;;;;;;;;;;;;;;;;;;;;;;;;;FALSCH;;;;;
5358;5015040;ZLA - 039;;;;ZLA;AWT ZLA REIN;;AWT Bahnhof M3;;;;;0;;;;;;05015040;WAHR;FALSCH;FALSCH;;;;;;;;;;;;;;;;;;;;;;;;;FALSCH;FALSCH;;;;FALSCH;FALSCH;;;;DYN_Import;07-05-2020  11:59;;;belegt;FALSCH;;;;;;;;;;;;;;;;;;;;;;;;1906;;;;;;;;;;;;;;;;;;;;;;;;;;;;;;;;;;;;;;;FALSCH;;;;;
5359;5015041;ZLA - 040;;;;ZLA;AWT ZLA REIN;;AWT Bahnhof M3;;;;;0;;;;;;05015041;WAHR;FALSCH;FALSCH;;;;;;;;;;;;;;;;;;;;;;;;;FALSCH;FALSCH;;;;FALSCH;FALSCH;;;;DYN_Import;07-05-2020  11:59;;;belegt;FALSCH;;;;;;;;;;;;;;;;;;;;;;;;1305;;;;;;;;;;;;;;;;;;;;;;;;;;;;;;;;;;;;;;;FALSCH;;;;;
5360;5015042;ZLA - 041;;;;ZLA;AWT ZLA REIN;;AWT Bahnhof M3;;;;;0;;;;;;05015042;WAHR;FALSCH;FALSCH;;;;;;;;;;;;;;;;;;;;;;;;;FALSCH;FALSCH;;;;FALSCH;FALSCH;;;;DYN_Import;07-05-2020  11:59;;;belegt;FALSCH;;;;;;;;;;;;;;;;;;;;;;;;1753;;;;;;;;;;;;;;;;;;;;;;;;;;;;;;;;;;;;;;;FALSCH;;;;;
5361;5015043;ZLA - 042;;;;ZLA;AWT ZLA REIN;;AWT Bahnhof M3;;;;;0;;;;;;05015043;WAHR;FALSCH;FALSCH;;;;;;;;;;;;;;;;;;;;;;;;;FALSCH;FALSCH;;;;FALSCH;FALSCH;;;;DYN_Import;07-05-2020  11:59;;;belegt;FALSCH;;;;;;;;;;;;;;;;;;;;;;;;2129;;;;;;;;;;;;;;;;;;;;;;;;;;;;;;;;;;;;;;;FALSCH;;;;;
5362;5015044;ZLA - 043;;;;ZLA;AWT ZLA REIN;;AWT Bahnhof M2;;;;;0;;;;;;05015044;WAHR;FALSCH;FALSCH;;;;;;;;;;;;;;;;;;;;;;;;;FALSCH;FALSCH;;;;FALSCH;FALSCH;;;;DYN_Import;07-05-2020  11:59;;;belegt;FALSCH;;;;;;;;;;;;;;;;;;;;;;;;1829;;;;;;;;;;;;;;;;;;;;;;;;;;;;;;;;;;;;;;;FALSCH;;;;;
5363;5015045;ZLA - 044;;;;ZLA;AWT ZLA REIN;;AWT Bahnhof NZ1;;;;;0;;;;;;05015045;WAHR;FALSCH;FALSCH;;;;;;;;;;;;;;;;;;;;;;;;;FALSCH;FALSCH;;;;FALSCH;FALSCH;;;;DYN_Import;07-05-2020  11:59;;;belegt;FALSCH;;;;;;;;;;;;;;;;;;;;;;;;1553;;;;;;;;;;;;;;;;;;;;;;;;;;;;;;;;;;;;;;;FALSCH;;;;;
5364;5015046;ZLA - 045;;;;ZLA;AWT ZLA REIN;;AWT Bahnhof M3;;;;;0;;;;;;05015046;WAHR;FALSCH;FALSCH;;;;;;;;;;;;;;;;;;;;;;;;;FALSCH;FALSCH;;;;FALSCH;FALSCH;;;;DYN_Import;07-05-2020  11:59;;;belegt;FALSCH;;;;;;;;;;;;;;;;;;;;;;;;1825;;;;;;;;;;;;;;;;;;;;;;;;;;;;;;;;;;;;;;;FALSCH;;;;;
5365;5015047;ZLA - 046;;;;ZLA;AWT ZLA REIN;;AWT Bahnhof M3;;;;;0;;;;;;05015047;WAHR;FALSCH;FALSCH;;;;;;;;;;;;;;;;;;;;;;;;;FALSCH;FALSCH;;;;FALSCH;FALSCH;;;;DYN_Import;07-05-2020  11:59;;;belegt;FALSCH;;;;;;;;;;;;;;;;;;;;;;;;1993;;;;;;;;;;;;;;;;;;;;;;;;;;;;;;;;;;;;;;;FALSCH;;;;;
5366;5015048;ZLA - 047;;;;ZLA;AWT ZLA REIN;;AWT Bahnhof NZ3;;;;;0;;;;;;05015048;WAHR;FALSCH;FALSCH;;;;;;;;;;;;;;;;;;;;;;;;;FALSCH;FALSCH;;;;FALSCH;FALSCH;;;;DYN_Import;07-05-2020  11:59;;;belegt;FALSCH;;;;;;;;;;;;;;;;;;;;;;;;1536;;;;;;;;;;;;;;;;;;;;;;;;;;;;;;;;;;;;;;;FALSCH;;;;;
5367;5015049;ZLA - 048;;;;ZLA;AWT ZLA REIN;;AWT Bahnhof M3;;;;;0;;;;;;05015049;WAHR;FALSCH;FALSCH;;;;;;;;;;;;;;;;;;;;;;;;;FALSCH;FALSCH;;;;FALSCH;FALSCH;;;;DYN_Import;07-05-2020  11:59;;;belegt;FALSCH;;;;;;;;;;;;;;;;;;;;;;;;213;;;;;;;;;;;;;;;;;;;;;;;;;;;;;;;;;;;;;;;FALSCH;;;;;
5368;5015050;ZLA - 049;;;;ZLA;AWT ZLA REIN;;AWT Bahnhof NZ1;;;;;0;;;;;;05015050;WAHR;FALSCH;FALSCH;;;;;;;;;;;;;;;;;;;;;;;;;FALSCH;FALSCH;;;;FALSCH;FALSCH;;;;DYN_Import;07-05-2020  11:59;;;belegt;FALSCH;;;;;;;;;;;;;;;;;;;;;;;;1531;;;;;;;;;;;;;;;;;;;;;;;;;;;;;;;;;;;;;;;FALSCH;;;;;
5369;5015051;ZLA - 050;;;;ZLA;AWT ZLA REIN;;AWT Bahnhof M3;;;;;0;;;;;;05015051;WAHR;FALSCH;FALSCH;;;;;;;;;;;;;;;;;;;;;;;;;FALSCH;FALSCH;;;;FALSCH;FALSCH;;;;DYN_Import;07-05-2020  11:59;;;belegt;FALSCH;;;;;;;;;;;;;;;;;;;;;;;;816;;;;;;;;;;;;;;;;;;;;;;;;;;;;;;;;;;;;;;;FALSCH;;;;;
5370;5015052;ZLA - 051;;;;ZLA;AWT ZLA REIN;;AWT Bahnhof K2;;;;;0;;;;;;05015052;WAHR;FALSCH;FALSCH;;;;;;;;;;;;;;;;;;;;;;;;;FALSCH;FALSCH;;;;FALSCH;FALSCH;;;;DYN_Import;07-05-2020  11:59;;;belegt;FALSCH;;;;;;;;;;;;;;;;;;;;;;;;1556;;;;;;;;;;;;;;;;;;;;;;;;;;;;;;;;;;;;;;;FALSCH;;;;;
5371;5015053;ZLA - 052;;;;ZLA;AWT ZLA REIN;;AWT Bahnhof NZ2;;;;;0;;;;;;05015053;WAHR;FALSCH;FALSCH;;;;;;;;;;;;;;;;;;;;;;;;;FALSCH;FALSCH;;;;FALSCH;FALSCH;;;;DYN_Import;07-05-2020  11:59;;;belegt;FALSCH;;;;;;;;;;;;;;;;;;;;;;;;1884;;;;;;;;;;;;;;;;;;;;;;;;;;;;;;;;;;;;;;;FALSCH;;;;;
5372;5015054;ZLA - 053;;;;ZLA;AWT ZLA REIN;;AWT Bahnhof F2;;;;;0;;;;;;05015054;WAHR;FALSCH;FALSCH;;;;;;;;;;;;;;;;;;;;;;;;;FALSCH;FALSCH;;;;FALSCH;FALSCH;;;;DYN_Import;07-05-2020  11:59;;;belegt;FALSCH;;;;;;;;;;;;;;;;;;;;;;;;1831;;;;;;;;;;;;;;;;;;;;;;;;;;;;;;;;;;;;;;;FALSCH;;;;;
5373;5015055;ZLA - 054;;;;ZLA;AWT ZLA REIN;;AWT Bahnhof F1;;;;;0;;;;;;05015055;WAHR;FALSCH;FALSCH;;;;;;;;;;;;;;;;;;;;;;;;;FALSCH;FALSCH;;;;FALSCH;FALSCH;;;;DYN_Import;07-05-2020  11:59;;;belegt;FALSCH;;;;;;;;;;;;;;;;;;;;;;;;1832;;;;;;;;;;;;;;;;;;;;;;;;;;;;;;;;;;;;;;;FALSCH;;;;;
5374;5015056;ZLA - 055;;;;ZLA;AWT ZLA REIN;;AWT Bahnhof HNO/A;;;;;0;;;;;;05015056;WAHR;FALSCH;FALSCH;;;;;;;;;;;;;;;;;;;;;;;;;FALSCH;FALSCH;;;;FALSCH;FALSCH;;;;DYN_Import;07-05-2020  11:59;;;belegt;FALSCH;;;;;;;;;;;;;;;;;;;;;;;;1532;;;;;;;;;;;;;;;;;;;;;;;;;;;;;;;;;;;;;;;FALSCH;;;;;
5375;5015057;ZLA - 056;;;;ZLA;AWT ZLA REIN;;AWT Bahnhof NZ1;;;;;0;;;;;;05015057;WAHR;FALSCH;FALSCH;;;;;;;;;;;;;;;;;;;;;;;;;FALSCH;FALSCH;;;;FALSCH;FALSCH;;;;DYN_Import;07-05-2020  11:59;;;belegt;FALSCH;;;;;;;;;;;;;;;;;;;;;;;;1876;;;;;;;;;;;;;;;;;;;;;;;;;;;;;;;;;;;;;;;FALSCH;;;;;
5376;5015058;ZLA - 057;;;;ZLA;AWT ZLA REIN;;AWT Bahnhof F1;;;;;0;;;;;;05015058;WAHR;FALSCH;FALSCH;;;;;;;;;;;;;;;;;;;;;;;;;FALSCH;FALSCH;;;;FALSCH;FALSCH;;;;DYN_Import;07-05-2020  11:59;;;belegt;FALSCH;;;;;;;;;;;;;;;;;;;;;;;;1795;;;;;;;;;;;;;;;;;;;;;;;;;;;;;;;;;;;;;;;FALSCH;;;;;
5377;5015059;ZLA - 058;;;;ZLA;AWT ZLA REIN;;AWT Bahnhof IT;;;;;0;;;;;;05015059;WAHR;FALSCH;FALSCH;;;;;;;;;;;;;;;;;;;;;;;;;FALSCH;FALSCH;;;;FALSCH;FALSCH;;;;DYN_Import;07-05-2020  11:59;;;belegt;FALSCH;;;;;;;;;;;;;;;;;;;;;;;;1929;;;;;;;;;;;;;;;;;;;;;;;;;;;;;;;;;;;;;;;FALSCH;;;;;
5378;5015060;ZLA - 059;;;;ZLA;AWT ZLA REIN;;AWT Bahnhof K1;;;;;0;;;;;;05015060;WAHR;FALSCH;FALSCH;;;;;;;;;;;;;;;;;;;;;;;;;FALSCH;FALSCH;;;;FALSCH;FALSCH;;;;DYN_Import;07-05-2020  11:59;;;belegt;FALSCH;;;;;;;;;;;;;;;;;;;;;;;;1882;;;;;;;;;;;;;;;;;;;;;;;;;;;;;;;;;;;;;;;FALSCH;;;;;
5379;5015061;ZLA - 060;;;;ZLA;AWT ZLA REIN;;AWT Bahnhof K1;;;;;0;;;;;;05015061;WAHR;FALSCH;FALSCH;;;;;;;;;;;;;;;;;;;;;;;;;FALSCH;FALSCH;;;;FALSCH;FALSCH;;;;DYN_Import;07-05-2020  11:59;;;belegt;FALSCH;;;;;;;;;;;;;;;;;;;;;;;;2038;;;;;;;;;;;;;;;;;;;;;;;;;;;;;;;;;;;;;;;FALSCH;;;;;
5380;5015062;ZLA - 061;;;;ZLA;AWT ZLA REIN;;AWT Bahnhof NZ1;;;;;0;;;;;;05015062;WAHR;FALSCH;FALSCH;;;;;;;;;;;;;;;;;;;;;;;;;FALSCH;FALSCH;;;;FALSCH;FALSCH;;;;DYN_Import;07-05-2020  11:59;;;belegt;FALSCH;;;;;;;;;;;;;;;;;;;;;;;;1530;;;;;;;;;;;;;;;;;;;;;;;;;;;;;;;;;;;;;;;FALSCH;;;;;
5381;5015063;ZLA - 062;;;;ZLA;AWT ZLA REIN;;AWT Bahnhof IT;;;;;0;;;;;;05015063;WAHR;FALSCH;FALSCH;;;;;;;;;;;;;;;;;;;;;;;;;FALSCH;FALSCH;;;;FALSCH;FALSCH;;;;DYN_Import;07-05-2020  11:59;;;belegt;FALSCH;;;;;;;;;;;;;;;;;;;;;;;;1552;;;;;;;;;;;;;;;;;;;;;;;;;;;;;;;;;;;;;;;FALSCH;;;;;
5382;5015064;ZLA - 063;;;;ZLA;AWT ZLA REIN;;AWT Bahnhof K2;;;;;0;;;;;;05015064;WAHR;FALSCH;FALSCH;;;;;;;;;;;;;;;;;;;;;;;;;FALSCH;FALSCH;;;;FALSCH;FALSCH;;;;DYN_Import;07-05-2020  11:59;;;belegt;FALSCH;;;;;;;;;;;;;;;;;;;;;;;;1786;;;;;;;;;;;;;;;;;;;;;;;;;;;;;;;;;;;;;;;FALSCH;;;;;
5383;5015065;ZLA - 064;;;;ZLA;AWT ZLA REIN;;AWT Bahnhof K1;;;;;0;;;;;;05015065;WAHR;FALSCH;FALSCH;;;;;;;;;;;;;;;;;;;;;;;;;FALSCH;FALSCH;;;;FALSCH;FALSCH;;;;DYN_Import;07-05-2020  11:59;;;belegt;FALSCH;;;;;;;;;;;;;;;;;;;;;;;;1631;;;;;;;;;;;;;;;;;;;;;;;;;;;;;;;;;;;;;;;FALSCH;;;;;
5384;5015066;ZLA - 065;;;;ZLA;AWT ZLA REIN;;AWT Bahnhof NZ1;;;;;0;;;;;;05015066;WAHR;FALSCH;FALSCH;;;;;;;;;;;;;;;;;;;;;;;;;FALSCH;FALSCH;;;;FALSCH;FALSCH;;;;DYN_Import;07-05-2020  11:59;;;belegt;FALSCH;;;;;;;;;;;;;;;;;;;;;;;;1996;;;;;;;;;;;;;;;;;;;;;;;;;;;;;;;;;;;;;;;FALSCH;;;;;
5385;5015067;ZLA - 066;;;;ZLA;AWT ZLA REIN;;AWT Bahnhof K2;;;;;0;;;;;;05015067;WAHR;FALSCH;FALSCH;;;;;;;;;;;;;;;;;;;;;;;;;FALSCH;FALSCH;;;;FALSCH;FALSCH;;;;DYN_Import;07-05-2020  11:59;;;belegt;FALSCH;;;;;;;;;;;;;;;;;;;;;;;;1666;;;;;;;;;;;;;;;;;;;;;;;;;;;;;;;;;;;;;;;FALSCH;;;;;
5386;5015068;ZLA - 067;;;;ZLA;AWT ZLA REIN;;AWT Bahnhof IT;;;;;0;;;;;;05015068;WAHR;FALSCH;FALSCH;;;;;;;;;;;;;;;;;;;;;;;;;FALSCH;FALSCH;;;;FALSCH;FALSCH;;;;DYN_Import;07-05-2020  11:59;;;belegt;FALSCH;;;;;;;;;;;;;;;;;;;;;;;;1798;;;;;;;;;;;;;;;;;;;;;;;;;;;;;;;;;;;;;;;FALSCH;;;;;
5387;5015069;ZLA - 068;;;;ZLA;AWT ZLA REIN;;AWT Bahnhof IT;;;;;0;;;;;;05015069;WAHR;FALSCH;FALSCH;;;;;;;;;;;;;;;;;;;;;;;;;FALSCH;FALSCH;;;;FALSCH;FALSCH;;;;DYN_Import;07-05-2020  11:59;;;belegt;FALSCH;;;;;;;;;;;;;;;;;;;;;;;;1718;;;;;;;;;;;;;;;;;;;;;;;;;;;;;;;;;;;;;;;FALSCH;;;;;
5388;5015070;ZLA - 069;;;;ZLA;AWT ZLA REIN;;AWT Bahnhof IT;;;;;0;;;;;;05015070;WAHR;FALSCH;FALSCH;;;;;;;;;;;;;;;;;;;;;;;;;FALSCH;FALSCH;;;;FALSCH;FALSCH;;;;DYN_Import;07-05-2020  11:59;;;belegt;FALSCH;;;;;;;;;;;;;;;;;;;;;;;;1782;;;;;;;;;;;;;;;;;;;;;;;;;;;;;;;;;;;;;;;FALSCH;;;;;
5389;5015071;ZLA - 070;;;;ZLA;AWT ZLA REIN;;AWT Bahnhof M3;;;;;0;;;;;;05015071;WAHR;FALSCH;FALSCH;;;;;;;;;;;;;;;;;;;;;;;;;FALSCH;FALSCH;;;;FALSCH;FALSCH;;;;DYN_Import;07-05-2020  11:59;;;belegt;FALSCH;;;;;;;;;;;;;;;;;;;;;;;;2054;;;;;;;;;;;;;;;;;;;;;;;;;;;;;;;;;;;;;;;FALSCH;;;;;
5390;5015072;ZLA - 071;;;;ZLA;AWT ZLA REIN;;AWT Bahnhof K1;;;;;0;;;;;;05015072;WAHR;FALSCH;FALSCH;;;;;;;;;;;;;;;;;;;;;;;;;FALSCH;FALSCH;;;;FALSCH;FALSCH;;;;DYN_Import;07-05-2020  11:59;;;belegt;FALSCH;;;;;;;;;;;;;;;;;;;;;;;;861;;;;;;;;;;;;;;;;;;;;;;;;;;;;;;;;;;;;;;;FALSCH;;;;;
5391;5015073;ZLA - 072;;;;ZLA;AWT ZLA REIN;;AWT Bahnhof M3;;;;;0;;;;;;05015073;WAHR;FALSCH;FALSCH;;;;;;;;;;;;;;;;;;;;;;;;;FALSCH;FALSCH;;;;FALSCH;FALSCH;;;;DYN_Import;07-05-2020  11:59;;;belegt;FALSCH;;;;;;;;;;;;;;;;;;;;;;;;1970;;;;;;;;;;;;;;;;;;;;;;;;;;;;;;;;;;;;;;;FALSCH;;;;;
5392;5015074;ZLA - 073;;;;ZLA;AWT ZLA REIN;;AWT Bahnhof F2;;;;;0;;;;;;05015074;WAHR;FALSCH;FALSCH;;;;;;;;;;;;;;;;;;;;;;;;;FALSCH;FALSCH;;;;FALSCH;FALSCH;;;;DYN_Import;07-05-2020  11:59;;;belegt;FALSCH;;;;;;;;;;;;;;;;;;;;;;;;1788;;;;;;;;;;;;;;;;;;;;;;;;;;;;;;;;;;;;;;;FALSCH;;;;;
5393;5015075;ZLA - 074;;;;ZLA;AWT ZLA REIN;;AWT Bahnhof NZ1;;;;;0;;;;;;05015075;WAHR;FALSCH;FALSCH;;;;;;;;;;;;;;;;;;;;;;;;;FALSCH;FALSCH;;;;FALSCH;FALSCH;;;;DYN_Import;07-05-2020  11:59;;;belegt;FALSCH;;;;;;;;;;;;;;;;;;;;;;;;1702;;;;;;;;;;;;;;;;;;;;;;;;;;;;;;;;;;;;;;;FALSCH;;;;;
5394;5015076;ZLA - 075;;;;ZLA;AWT ZLA REIN;;AWT Bahnhof IT;;;;;0;;;;;;05015076;WAHR;FALSCH;FALSCH;;;;;;;;;;;;;;;;;;;;;;;;;FALSCH;FALSCH;;;;FALSCH;FALSCH;;;;DYN_Import;07-05-2020  11:59;;;belegt;FALSCH;;;;;;;;;;;;;;;;;;;;;;;;1607;;;;;;;;;;;;;;;;;;;;;;;;;;;;;;;;;;;;;;;FALSCH;;;;;
5395;5015077;ZLA - 076;;;;ZLA;AWT ZLA REIN;;AWT Bahnhof NZ2;;;;;0;;;;;;05015077;WAHR;FALSCH;FALSCH;;;;;;;;;;;;;;;;;;;;;;;;;FALSCH;FALSCH;;;;FALSCH;FALSCH;;;;DYN_Import;07-05-2020  11:59;;;belegt;FALSCH;;;;;;;;;;;;;;;;;;;;;;;;1491;;;;;;;;;;;;;;;;;;;;;;;;;;;;;;;;;;;;;;;FALSCH;;;;;
5396;5015078;ZLA - 077;;;;ZLA;AWT ZLA REIN;;AWT Bahnhof IT;;;;;0;;;;;;05015078;WAHR;FALSCH;FALSCH;;;;;;;;;;;;;;;;;;;;;;;;;FALSCH;FALSCH;;;;FALSCH;FALSCH;;;;DYN_Import;07-05-2020  11:59;;;belegt;FALSCH;;;;;;;;;;;;;;;;;;;;;;;;1551;;;;;;;;;;;;;;;;;;;;;;;;;;;;;;;;;;;;;;;FALSCH;;;;;
5397;5015079;ZLA - 078;;;;ZLA;AWT ZLA REIN;;AWT Bahnhof NZ2;;;;;0;;;;;;05015079;WAHR;FALSCH;FALSCH;;;;;;;;;;;;;;;;;;;;;;;;;FALSCH;FALSCH;;;;FALSCH;FALSCH;;;;DYN_Import;07-05-2020  11:59;;;belegt;FALSCH;;;;;;;;;;;;;;;;;;;;;;;;1800;;;;;;;;;;;;;;;;;;;;;;;;;;;;;;;;;;;;;;;FALSCH;;;;;
5398;5015080;ZLA - 079;;;;ZLA;AWT ZLA REIN;;AWT Bahnhof NZ2;;;;;0;;;;;;05015080;WAHR;FALSCH;FALSCH;;;;;;;;;;;;;;;;;;;;;;;;;FALSCH;FALSCH;;;;FALSCH;FALSCH;;;;DYN_Import;07-05-2020  11:59;;;belegt;FALSCH;;;;;;;;;;;;;;;;;;;;;;;;694;;;;;;;;;;;;;;;;;;;;;;;;;;;;;;;;;;;;;;;FALSCH;;;;;
5399;5015081;ZLA - 080;;;;ZLA;AWT ZLA REIN;;AWT Bahnhof K2;;;;;0;;;;;;05015081;WAHR;FALSCH;FALSCH;;;;;;;;;;;;;;;;;;;;;;;;;FALSCH;FALSCH;;;;FALSCH;FALSCH;;;;DYN_Import;07-05-2020  11:59;;;belegt;FALSCH;;;;;;;;;;;;;;;;;;;;;;;;1396;;;;;;;;;;;;;;;;;;;;;;;;;;;;;;;;;;;;;;;FALSCH;;;;;
5400;5015082;ZLA - 081;;;;ZLA;AWT ZLA REIN;;AWT Bahnhof K2;;;;;0;;;;;;05015082;WAHR;FALSCH;FALSCH;;;;;;;;;;;;;;;;;;;;;;;;;FALSCH;FALSCH;;;;FALSCH;FALSCH;;;;DYN_Import;07-05-2020  11:59;;;belegt;FALSCH;;;;;;;;;;;;;;;;;;;;;;;;1245;;;;;;;;;;;;;;;;;;;;;;;;;;;;;;;;;;;;;;;FALSCH;;;;;
5401;5015083;ZLA - 082;;;;ZLA;AWT ZLA REIN;;AWT Bahnhof M3;;;;;0;;;;;;05015083;WAHR;FALSCH;FALSCH;;;;;;;;;;;;;;;;;;;;;;;;;FALSCH;FALSCH;;;;FALSCH;FALSCH;;;;DYN_Import;07-05-2020  11:59;;;belegt;FALSCH;;;;;;;;;;;;;;;;;;;;;;;;1841;;;;;;;;;;;;;;;;;;;;;;;;;;;;;;;;;;;;;;;FALSCH;;;;;
5402;5015084;ZLA - 083;;;;ZLA;AWT ZLA REIN;;AWT Bahnhof M2;;;;;0;;;;;;05015084;WAHR;FALSCH;FALSCH;;;;;;;;;;;;;;;;;;;;;;;;;FALSCH;FALSCH;;;;FALSCH;FALSCH;;;;DYN_Import;07-05-2020  11:59;;;belegt;FALSCH;;;;;;;;;;;;;;;;;;;;;;;;1792;;;;;;;;;;;;;;;;;;;;;;;;;;;;;;;;;;;;;;;FALSCH;;;;;
5403;5015085;ZLA - 084;;;;ZLA;AWT ZLA REIN;;AWT Bahnhof NZ1;;;;;0;;;;;;05015085;WAHR;FALSCH;FALSCH;;;;;;;;;;;;;;;;;;;;;;;;;FALSCH;FALSCH;;;;FALSCH;FALSCH;;;;DYN_Import;07-05-2020  11:59;;;belegt;FALSCH;;;;;;;;;;;;;;;;;;;;;;;;563;;;;;;;;;;;;;;;;;;;;;;;;;;;;;;;;;;;;;;;FALSCH;;;;;
5404;5015086;ZLA - 085;;;;ZLA;AWT ZLA REIN;;AWT Bahnhof NZ1;;;;;0;;;;;;05015086;WAHR;FALSCH;FALSCH;;;;;;;;;;;;;;;;;;;;;;;;;FALSCH;FALSCH;;;;FALSCH;FALSCH;;;;DYN_Import;07-05-2020  11:59;;;belegt;FALSCH;;;;;;;;;;;;;;;;;;;;;;;;1475;;;;;;;;;;;;;;;;;;;;;;;;;;;;;;;;;;;;;;;FALSCH;;;;;
5405;5015087;ZLA - 086;;;;ZLA;AWT ZLA REIN;;AWT Bahnhof M3;;;;;0;;;;;;05015087;WAHR;FALSCH;FALSCH;;;;;;;;;;;;;;;;;;;;;;;;;FALSCH;FALSCH;;;;FALSCH;FALSCH;;;;DYN_Import;07-05-2020  11:59;;;belegt;FALSCH;;;;;;;;;;;;;;;;;;;;;;;;1437;;;;;;;;;;;;;;;;;;;;;;;;;;;;;;;;;;;;;;;FALSCH;;;;;
5406;5015088;ZLA - 087;;;;ZLA;AWT ZLA REIN;;AWT Bahnhof K2;;;;;0;;;;;;05015088;WAHR;FALSCH;FALSCH;;;;;;;;;;;;;;;;;;;;;;;;;FALSCH;FALSCH;;;;FALSCH;FALSCH;;;;DYN_Import;07-05-2020  11:59;;;belegt;FALSCH;;;;;;;;;;;;;;;;;;;;;;;;1496;;;;;;;;;;;;;;;;;;;;;;;;;;;;;;;;;;;;;;;FALSCH;;;;;
5407;5015089;ZLA - 088;;;;ZLA;AWT ZLA REIN;;AWT Bahnhof IT;;;;;0;;;;;;05015089;WAHR;FALSCH;FALSCH;;;;;;;;;;;;;;;;;;;;;;;;;FALSCH;FALSCH;;;;FALSCH;FALSCH;;;;DYN_Import;07-05-2020  11:59;;;belegt;FALSCH;;;;;;;;;;;;;;;;;;;;;;;;1430;;;;;;;;;;;;;;;;;;;;;;;;;;;;;;;;;;;;;;;FALSCH;;;;;
5408;5015090;ZLA - 089;;;;ZLA;AWT ZLA REIN;;AWT Bahnhof M3;;;;;0;;;;;;05015090;WAHR;FALSCH;FALSCH;;;;;;;;;;;;;;;;;;;;;;;;;FALSCH;FALSCH;;;;FALSCH;FALSCH;;;;DYN_Import;07-05-2020  11:59;;;belegt;FALSCH;;;;;;;;;;;;;;;;;;;;;;;;1806;;;;;;;;;;;;;;;;;;;;;;;;;;;;;;;;;;;;;;;FALSCH;;;;;
5409;5015091;ZLA - 090;;;;ZLA;AWT ZLA REIN;;AWT Bahnhof NZ1;;;;;0;;;;;;05015091;WAHR;FALSCH;FALSCH;;;;;;;;;;;;;;;;;;;;;;;;;FALSCH;FALSCH;;;;FALSCH;FALSCH;;;;DYN_Import;07-05-2020  11:59;;;belegt;FALSCH;;;;;;;;;;;;;;;;;;;;;;;;1878;;;;;;;;;;;;;;;;;;;;;;;;;;;;;;;;;;;;;;;FALSCH;;;;;
5410;5015092;ZLA - 091;;;;ZLA;AWT ZLA REIN;;AWT Bahnhof M2;;;;;0;;;;;;05015092;WAHR;FALSCH;FALSCH;;;;;;;;;;;;;;;;;;;;;;;;;FALSCH;FALSCH;;;;FALSCH;FALSCH;;;;DYN_Import;07-05-2020  11:59;;;belegt;FALSCH;;;;;;;;;;;;;;;;;;;;;;;;1888;;;;;;;;;;;;;;;;;;;;;;;;;;;;;;;;;;;;;;;FALSCH;;;;;
5411;5015093;ZLA - 092;;;;ZLA;AWT ZLA REIN;;AWT ZLA UNREIN;;;;;0;;;;;;05015093;WAHR;FALSCH;FALSCH;;;;;;;;;;;;;;;;;;;;;;;;;FALSCH;FALSCH;;;;FALSCH;FALSCH;;;;DYN_Import;07-05-2020  11:59;;;belegt;FALSCH;;;;;;;;;;;;;;;;;;;;;;;;1578;;;;;;;;;;;;;;;;;;;;;;;;;;;;;;;;;;;;;;;FALSCH;;;;;
5412;5015094;ZLA - 093;;;;ZLA;AWT ZLA REIN;;AWT Bahnhof M3;;;;;0;;;;;;05015094;WAHR;FALSCH;FALSCH;;;;;;;;;;;;;;;;;;;;;;;;;FALSCH;FALSCH;;;;FALSCH;FALSCH;;;;DYN_Import;07-05-2020  11:59;;;belegt;FALSCH;;;;;;;;;;;;;;;;;;;;;;;;797;;;;;;;;;;;;;;;;;;;;;;;;;;;;;;;;;;;;;;;FALSCH;;;;;
5413;5015095;ZLA - 094;;;;ZLA;AWT ZLA REIN;;AWT Bahnhof M3;;;;;0;;;;;;05015095;WAHR;FALSCH;FALSCH;;;;;;;;;;;;;;;;;;;;;;;;;FALSCH;FALSCH;;;;FALSCH;FALSCH;;;;DYN_Import;07-05-2020  11:59;;;belegt;FALSCH;;;;;;;;;;;;;;;;;;;;;;;;1044;;;;;;;;;;;;;;;;;;;;;;;;;;;;;;;;;;;;;;;FALSCH;;;;;
5414;5015096;ZLA - 095;;;;ZLA;AWT ZLA REIN;;AWT Bahnhof M3;;;;;0;;;;;;05015096;WAHR;FALSCH;FALSCH;;;;;;;;;;;;;;;;;;;;;;;;;FALSCH;FALSCH;;;;FALSCH;FALSCH;;;;DYN_Import;07-05-2020  11:59;;;belegt;FALSCH;;;;;;;;;;;;;;;;;;;;;;;;1946;;;;;;;;;;;;;;;;;;;;;;;;;;;;;;;;;;;;;;;FALSCH;;;;;
5415;5015097;ZLA - 096;;;;ZLA;AWT ZLA REIN;;AWT Bahnhof M3;;;;;0;;;;;;05015097;WAHR;FALSCH;FALSCH;;;;;;;;;;;;;;;;;;;;;;;;;FALSCH;FALSCH;;;;FALSCH;FALSCH;;;;DYN_Import;07-05-2020  11:59;;;belegt;FALSCH;;;;;;;;;;;;;;;;;;;;;;;;1869;;;;;;;;;;;;;;;;;;;;;;;;;;;;;;;;;;;;;;;FALSCH;;;;;
5416;5015098;ZLA - 097;;;;ZLA;AWT ZLA REIN;;AWT Bahnhof M2;;;;;0;;;;;;05015098;WAHR;FALSCH;FALSCH;;;;;;;;;;;;;;;;;;;;;;;;;FALSCH;FALSCH;;;;FALSCH;FALSCH;;;;DYN_Import;07-05-2020  11:59;;;belegt;FALSCH;;;;;;;;;;;;;;;;;;;;;;;;2399;;;;;;;;;;;;;;;;;;;;;;;;;;;;;;;;;;;;;;;FALSCH;;;;;
5417;5015099;ZLA - 098;;;;ZLA;AWT ZLA REIN;;AWT Bahnhof M3;;;;;0;;;;;;05015099;WAHR;FALSCH;FALSCH;;;;;;;;;;;;;;;;;;;;;;;;;FALSCH;FALSCH;;;;FALSCH;FALSCH;;;;DYN_Import;07-05-2020  11:59;;;belegt;FALSCH;;;;;;;;;;;;;;;;;;;;;;;;1179;;;;;;;;;;;;;;;;;;;;;;;;;;;;;;;;;;;;;;;FALSCH;;;;;
5418;5015100;ZLA - 099;;;;ZLA;AWT ZLA REIN;;AWT Bahnhof M3;;;;;0;;;;;;05015100;WAHR;FALSCH;FALSCH;;;;;;;;;;;;;;;;;;;;;;;;;FALSCH;FALSCH;;;;FALSCH;FALSCH;;;;DYN_Import;07-05-2020  11:59;;;belegt;FALSCH;;;;;;;;;;;;;;;;;;;;;;;;1614;;;;;;;;;;;;;;;;;;;;;;;;;;;;;;;;;;;;;;;FALSCH;;;;;
5419;5015101;ZLA - 100;;;;ZLA;AWT ZLA REIN;;AWT Bahnhof NZ1;;;;;0;;;;;;05015101;WAHR;FALSCH;FALSCH;;;;;;;;;;;;;;;;;;;;;;;;;FALSCH;FALSCH;;;;FALSCH;FALSCH;;;;DYN_Import;07-05-2020  11:59;;;belegt;FALSCH;;;;;;;;;;;;;;;;;;;;;;;;1650;;;;;;;;;;;;;;;;;;;;;;;;;;;;;;;;;;;;;;;FALSCH;;;;;
5420;5015102;ZLA - 101;;;;ZLA;AWT ZLA REIN;;AWT Bahnhof NZ1;;;;;0;;;;;;05015102;WAHR;FALSCH;FALSCH;;;;;;;;;;;;;;;;;;;;;;;;;FALSCH;FALSCH;;;;FALSCH;FALSCH;;;;DYN_Import;07-05-2020  11:59;;;belegt;FALSCH;;;;;;;;;;;;;;;;;;;;;;;;1645;;;;;;;;;;;;;;;;;;;;;;;;;;;;;;;;;;;;;;;FALSCH;;;;;
5421;5015103;ZLA - 102;;;;ZLA;AWT ZLA REIN;;AWT Bahnhof K2;;;;;0;;;;;;05015103;WAHR;FALSCH;FALSCH;;;;;;;;;;;;;;;;;;;;;;;;;FALSCH;FALSCH;;;;FALSCH;FALSCH;;;;DYN_Import;07-05-2020  11:59;;;belegt;FALSCH;;;;;;;;;;;;;;;;;;;;;;;;1838;;;;;;;;;;;;;;;;;;;;;;;;;;;;;;;;;;;;;;;FALSCH;;;;;
5422;5015104;ZLA - 103;;;;ZLA;AWT ZLA REIN;;AWT Bahnhof M3;;;;;0;;;;;;05015104;WAHR;FALSCH;FALSCH;;;;;;;;;;;;;;;;;;;;;;;;;FALSCH;FALSCH;;;;FALSCH;FALSCH;;;;DYN_Import;07-05-2020  11:59;;;belegt;FALSCH;;;;;;;;;;;;;;;;;;;;;;;;1514;;;;;;;;;;;;;;;;;;;;;;;;;;;;;;;;;;;;;;;FALSCH;;;;;
5423;5015105;ZLA - 104;;;;ZLA;AWT ZLA REIN;;AWT Bahnhof K1;;;;;0;;;;;;05015105;WAHR;FALSCH;FALSCH;;;;;;;;;;;;;;;;;;;;;;;;;FALSCH;FALSCH;;;;FALSCH;FALSCH;;;;DYN_Import;07-05-2020  11:59;;;belegt;FALSCH;;;;;;;;;;;;;;;;;;;;;;;;602;;;;;;;;;;;;;;;;;;;;;;;;;;;;;;;;;;;;;;;FALSCH;;;;;
5424;5015106;ZLA - 105;;;;ZLA;AWT ZLA REIN;;AWT Bahnhof IT;;;;;0;;;;;;05015106;WAHR;FALSCH;FALSCH;;;;;;;;;;;;;;;;;;;;;;;;;FALSCH;FALSCH;;;;FALSCH;FALSCH;;;;DYN_Import;07-05-2020  11:59;;;belegt;FALSCH;;;;;;;;;;;;;;;;;;;;;;;;1627;;;;;;;;;;;;;;;;;;;;;;;;;;;;;;;;;;;;;;;FALSCH;;;;;
5425;5015107;ZLA - 106;;;;ZLA;AWT ZLA REIN;;AWT Bahnhof K1;;;;;0;;;;;;05015107;WAHR;FALSCH;FALSCH;;;;;;;;;;;;;;;;;;;;;;;;;FALSCH;FALSCH;;;;FALSCH;FALSCH;;;;DYN_Import;07-05-2020  11:59;;;belegt;FALSCH;;;;;;;;;;;;;;;;;;;;;;;;1788;;;;;;;;;;;;;;;;;;;;;;;;;;;;;;;;;;;;;;;FALSCH;;;;;
5426;5015108;ZLA - 107;;;;ZLA;AWT ZLA REIN;;AWT Bahnhof M3;;;;;0;;;;;;05015108;WAHR;FALSCH;FALSCH;;;;;;;;;;;;;;;;;;;;;;;;;FALSCH;FALSCH;;;;FALSCH;FALSCH;;;;DYN_Import;07-05-2020  11:59;;;belegt;FALSCH;;;;;;;;;;;;;;;;;;;;;;;;329;;;;;;;;;;;;;;;;;;;;;;;;;;;;;;;;;;;;;;;FALSCH;;;;;
5427;5015109;ZLA - 108;;;;ZLA;AWT ZLA REIN;;AWT Bahnhof IT;;;;;0;;;;;;05015109;WAHR;FALSCH;FALSCH;;;;;;;;;;;;;;;;;;;;;;;;;FALSCH;FALSCH;;;;FALSCH;FALSCH;;;;DYN_Import;07-05-2020  11:59;;;belegt;FALSCH;;;;;;;;;;;;;;;;;;;;;;;;1202;;;;;;;;;;;;;;;;;;;;;;;;;;;;;;;;;;;;;;;FALSCH;;;;;
5428;5015110;ZLA - 109;;;;ZLA;AWT ZLA REIN;;AWT Bahnhof F1;;;;;0;;;;;;05015110;WAHR;FALSCH;FALSCH;;;;;;;;;;;;;;;;;;;;;;;;;FALSCH;FALSCH;;;;FALSCH;FALSCH;;;;DYN_Import;07-05-2020  11:59;;;belegt;FALSCH;;;;;;;;;;;;;;;;;;;;;;;;1352;;;;;;;;;;;;;;;;;;;;;;;;;;;;;;;;;;;;;;;FALSCH;;;;;
5429;5015111;ZLA - 110;;;;ZLA;AWT ZLA REIN;;AWT Bahnhof F1;;;;;0;;;;;;05015111;WAHR;FALSCH;FALSCH;;;;;;;;;;;;;;;;;;;;;;;;;FALSCH;FALSCH;;;;FALSCH;FALSCH;;;;DYN_Import;07-05-2020  11:59;;;belegt;FALSCH;;;;;;;;;;;;;;;;;;;;;;;;1787;;;;;;;;;;;;;;;;;;;;;;;;;;;;;;;;;;;;;;;FALSCH;;;;;
5430;5015112;ZLA - 111;;;;ZLA;AWT ZLA REIN;;AWT FP C4001;;;;;0;;;;;;05015112;WAHR;FALSCH;FALSCH;;;;;;;;;;;;;;;;;;;;;;;;;FALSCH;FALSCH;;;;FALSCH;FALSCH;;;;DYN_Import;07-05-2020  11:59;;;belegt;FALSCH;;;;;;;;;;;;;;;;;;;;;;;;1172;;;;;;;;;;;;;;;;;;;;;;;;;;;;;;;;;;;;;;;FALSCH;;;;;
5431;5015113;ZLA - 112;;;;ZLA;AWT ZLA REIN;;AWT Bahnhof F1;;;;;0;;;;;;05015113;WAHR;FALSCH;FALSCH;;;;;;;;;;;;;;;;;;;;;;;;;FALSCH;FALSCH;;;;FALSCH;FALSCH;;;;DYN_Import;07-05-2020  11:59;;;belegt;FALSCH;;;;;;;;;;;;;;;;;;;;;;;;1589;;;;;;;;;;;;;;;;;;;;;;;;;;;;;;;;;;;;;;;FALSCH;;;;;
5432;5015114;ZLA - 113;;;;ZLA;AWT ZLA REIN;;AWT FW K1;;;;;0;;;;;;05015114;WAHR;FALSCH;FALSCH;;;;;;;;;;;;;;;;;;;;;;;;;FALSCH;FALSCH;;;;FALSCH;FALSCH;;;;DYN_Import;07-05-2020  11:59;;;belegt;FALSCH;;;;;;;;;;;;;;;;;;;;;;;;696;;;;;;;;;;;;;;;;;;;;;;;;;;;;;;;;;;;;;;;FALSCH;;;;;
5433;5015115;ZLA - 114;;;;ZLA;AWT ZLA REIN;;AWT Bahnhof NZ2;;;;;0;;;;;;05015115;WAHR;FALSCH;FALSCH;;;;;;;;;;;;;;;;;;;;;;;;;FALSCH;FALSCH;;;;FALSCH;FALSCH;;;;DYN_Import;07-05-2020  11:59;;;belegt;FALSCH;;;;;;;;;;;;;;;;;;;;;;;;1842;;;;;;;;;;;;;;;;;;;;;;;;;;;;;;;;;;;;;;;FALSCH;;;;;
5434;5015116;ZLA - 115;;;;ZLA;AWT ZLA REIN;;AWT Bahnhof K1;;;;;0;;;;;;05015116;WAHR;FALSCH;FALSCH;;;;;;;;;;;;;;;;;;;;;;;;;FALSCH;FALSCH;;;;FALSCH;FALSCH;;;;DYN_Import;07-05-2020  11:59;;;belegt;FALSCH;;;;;;;;;;;;;;;;;;;;;;;;1356;;;;;;;;;;;;;;;;;;;;;;;;;;;;;;;;;;;;;;;FALSCH;;;;;
5435;5015117;ZLA - 116;;;;ZLA;AWT ZLA REIN;;AWT Bahnhof K1;;;;;0;;;;;;05015117;WAHR;FALSCH;FALSCH;;;;;;;;;;;;;;;;;;;;;;;;;FALSCH;FALSCH;;;;FALSCH;FALSCH;;;;DYN_Import;07-05-2020  11:59;;;belegt;FALSCH;;;;;;;;;;;;;;;;;;;;;;;;1032;;;;;;;;;;;;;;;;;;;;;;;;;;;;;;;;;;;;;;;FALSCH;;;;;
5436;5015118;ZLA - 117;;;;ZLA;AWT ZLA REIN;;AWT Bahnhof M3;;;;;0;;;;;;05015118;WAHR;FALSCH;FALSCH;;;;;;;;;;;;;;;;;;;;;;;;;FALSCH;FALSCH;;;;FALSCH;FALSCH;;;;DYN_Import;07-05-2020  11:59;;;belegt;FALSCH;;;;;;;;;;;;;;;;;;;;;;;;1305;;;;;;;;;;;;;;;;;;;;;;;;;;;;;;;;;;;;;;;FALSCH;;;;;
5437;5015119;ZLA - 118;;;;ZLA;AWT ZLA REIN;;AWT Bahnhof IT;;;;;0;;;;;;05015119;WAHR;FALSCH;FALSCH;;;;;;;;;;;;;;;;;;;;;;;;;FALSCH;FALSCH;;;;FALSCH;FALSCH;;;;DYN_Import;07-05-2020  11:59;;;belegt;FALSCH;;;;;;;;;;;;;;;;;;;;;;;;1581;;;;;;;;;;;;;;;;;;;;;;;;;;;;;;;;;;;;;;;FALSCH;;;;;
5438;5015120;ZLA - 119;;;;ZLA;AWT ZLA REIN;;AWT Bahnhof F1;;;;;0;;;;;;05015120;WAHR;FALSCH;FALSCH;;;;;;;;;;;;;;;;;;;;;;;;;FALSCH;FALSCH;;;;FALSCH;FALSCH;;;;DYN_Import;07-05-2020  11:59;;;belegt;FALSCH;;;;;;;;;;;;;;;;;;;;;;;;1845;;;;;;;;;;;;;;;;;;;;;;;;;;;;;;;;;;;;;;;FALSCH;;;;;
5439;5015121;ZLA - 120;;;;ZLA;AWT ZLA REIN;;AWT Bahnhof M3;;;;;0;;;;;;05015121;WAHR;FALSCH;FALSCH;;;;;;;;;;;;;;;;;;;;;;;;;FALSCH;FALSCH;;;;FALSCH;FALSCH;;;;DYN_Import;07-05-2020  11:59;;;belegt;FALSCH;;;;;;;;;;;;;;;;;;;;;;;;1705;;;;;;;;;;;;;;;;;;;;;;;;;;;;;;;;;;;;;;;FALSCH;;;;;
5440;5015122;ZLA - 121;;;;ZLA;AWT ZLA REIN;;AWT Bahnhof IT;;;;;0;;;;;;05015122;WAHR;FALSCH;FALSCH;;;;;;;;;;;;;;;;;;;;;;;;;FALSCH;FALSCH;;;;FALSCH;FALSCH;;;;DYN_Import;07-05-2020  11:59;;;belegt;FALSCH;;;;;;;;;;;;;;;;;;;;;;;;2152;;;;;;;;;;;;;;;;;;;;;;;;;;;;;;;;;;;;;;;FALSCH;;;;;
5441;5015123;ZLA - 122;;;;ZLA;AWT ZLA REIN;;AWT Bahnhof K2;;;;;0;;;;;;05015123;WAHR;FALSCH;FALSCH;;;;;;;;;;;;;;;;;;;;;;;;;FALSCH;FALSCH;;;;FALSCH;FALSCH;;;;DYN_Import;07-05-2020  11:59;;;belegt;FALSCH;;;;;;;;;;;;;;;;;;;;;;;;1719;;;;;;;;;;;;;;;;;;;;;;;;;;;;;;;;;;;;;;;FALSCH;;;;;
5442;5015124;ZLA - 123;;;;ZLA;AWT ZLA REIN;;AWT Bahnhof NZ2;;;;;0;;;;;;05015124;WAHR;FALSCH;FALSCH;;;;;;;;;;;;;;;;;;;;;;;;;FALSCH;FALSCH;;;;FALSCH;FALSCH;;;;DYN_Import;07-05-2020  11:59;;;belegt;FALSCH;;;;;;;;;;;;;;;;;;;;;;;;2020;;;;;;;;;;;;;;;;;;;;;;;;;;;;;;;;;;;;;;;FALSCH;;;;;
5443;5015125;ZLA - 124;;;;ZLA;AWT ZLA REIN;;AWT Bahnhof M3;;;;;0;;;;;;05015125;WAHR;FALSCH;FALSCH;;;;;;;;;;;;;;;;;;;;;;;;;FALSCH;FALSCH;;;;FALSCH;FALSCH;;;;DYN_Import;07-05-2020  11:59;;;belegt;FALSCH;;;;;;;;;;;;;;;;;;;;;;;;1483;;;;;;;;;;;;;;;;;;;;;;;;;;;;;;;;;;;;;;;FALSCH;;;;;
5444;5015126;ZLA - 125;;;;ZLA;AWT ZLA REIN;;AWT Bahnhof K1;;;;;0;;;;;;05015126;WAHR;FALSCH;FALSCH;;;;;;;;;;;;;;;;;;;;;;;;;FALSCH;FALSCH;;;;FALSCH;FALSCH;;;;DYN_Import;07-05-2020  11:59;;;belegt;FALSCH;;;;;;;;;;;;;;;;;;;;;;;;1572;;;;;;;;;;;;;;;;;;;;;;;;;;;;;;;;;;;;;;;FALSCH;;;;;
5445;5015127;ZLA - 126;;;;ZLA;AWT ZLA REIN;;AWT Bahnhof M3;;;;;0;;;;;;05015127;WAHR;FALSCH;FALSCH;;;;;;;;;;;;;;;;;;;;;;;;;FALSCH;FALSCH;;;;FALSCH;FALSCH;;;;DYN_Import;07-05-2020  11:59;;;belegt;FALSCH;;;;;;;;;;;;;;;;;;;;;;;;1570;;;;;;;;;;;;;;;;;;;;;;;;;;;;;;;;;;;;;;;FALSCH;;;;;
5446;5015128;ZLA - 127;;;;ZLA;AWT ZLA REIN;;AWT Bahnhof M3;;;;;0;;;;;;05015128;WAHR;FALSCH;FALSCH;;;;;;;;;;;;;;;;;;;;;;;;;FALSCH;FALSCH;;;;FALSCH;FALSCH;;;;DYN_Import;07-05-2020  11:59;;;belegt;FALSCH;;;;;;;;;;;;;;;;;;;;;;;;799;;;;;;;;;;;;;;;;;;;;;;;;;;;;;;;;;;;;;;;FALSCH;;;;;
5447;5015129;ZLA - 128;;;;ZLA;AWT ZLA REIN;;AWT Bahnhof NZ2;;;;;0;;;;;;05015129;WAHR;FALSCH;FALSCH;;;;;;;;;;;;;;;;;;;;;;;;;FALSCH;FALSCH;;;;FALSCH;FALSCH;;;;DYN_Import;07-05-2020  11:59;;;belegt;FALSCH;;;;;;;;;;;;;;;;;;;;;;;;991;;;;;;;;;;;;;;;;;;;;;;;;;;;;;;;;;;;;;;;FALSCH;;;;;
5448;5015130;ZLA - 129;;;;ZLA;AWT ZLA REIN;;AWT Bahnhof NZ1;;;;;0;;;;;;05015130;WAHR;FALSCH;FALSCH;;;;;;;;;;;;;;;;;;;;;;;;;FALSCH;FALSCH;;;;FALSCH;FALSCH;;;;DYN_Import;07-05-2020  11:59;;;belegt;FALSCH;;;;;;;;;;;;;;;;;;;;;;;;1294;;;;;;;;;;;;;;;;;;;;;;;;;;;;;;;;;;;;;;;FALSCH;;;;;
5449;5015131;ZLA - 130;;;;ZLA;AWT ZLA REIN;;AWT Bahnhof NZ2;;;;;0;;;;;;05015131;WAHR;FALSCH;FALSCH;;;;;;;;;;;;;;;;;;;;;;;;;FALSCH;FALSCH;;;;FALSCH;FALSCH;;;;DYN_Import;07-05-2020  11:59;;;belegt;FALSCH;;;;;;;;;;;;;;;;;;;;;;;;1283;;;;;;;;;;;;;;;;;;;;;;;;;;;;;;;;;;;;;;;FALSCH;;;;;
5450;5025368;ZLA - 131;;;;ZLA;AWT ZLA REIN;;AWT Bahnhof NZ2;;;;;;;;;;;05025368;WAHR;FALSCH;FALSCH;;;;;;;;;;;;;;;;;;;;;;;;;FALSCH;FALSCH;;;;FALSCH;FALSCH;;;ABAZI;DYN_Import;07-05-2020  11:59;02.02.2022;;belegt;FALSCH;;;;;;;;;;;;;;;;;;;;;;;;1288;;;;;;;;;;;;;;;;;;;;;;;;;;;;;;;;;;;;;;;FALSCH;1;;;;
5451;5025369;ZLA - 132;;;;ZLA;AWT ZLA REIN;;AWT Bahnhof IT;;;;;;;;;;;05025369;WAHR;FALSCH;FALSCH;;;;;;;;;;;;;;;;;;;;;;;;;FALSCH;FALSCH;;;;FALSCH;FALSCH;;;ABAZI;DYN_Import;07-05-2020  11:59;02.02.2022;;belegt;FALSCH;;;;;;;;;;;;;;;;;;;;;;;;1207;;;;;;;;;;;;;;;;;;;;;;;;;;;;;;;;;;;;;;;FALSCH;1;;;;
5452;5025370;ZLA - 133;;;;ZLA;AWT ZLA REIN;;AWT Bahnhof K2;;;;;;;;;;;05025370;WAHR;FALSCH;FALSCH;;;;;;;;;;;;;;;;;;;;;;;;;FALSCH;FALSCH;;;;FALSCH;FALSCH;;;ABAZI;DYN_Import;07-05-2020  11:59;02.02.2022;;belegt;FALSCH;;;;;;;;;;;;;;;;;;;;;;;;1601;;;;;;;;;;;;;;;;;;;;;;;;;;;;;;;;;;;;;;;FALSCH;1;;;;
5453;5025371;ZLA - 134;;;;ZLA;AWT ZLA REIN;;AWT Bahnhof NZ1;;;;;;;;;;;05025371;WAHR;FALSCH;FALSCH;;;;;;;;;;;;;;;;;;;;;;;;;FALSCH;FALSCH;;;;FALSCH;FALSCH;;;ABAZI;DYN_Import;07-05-2020  11:59;02.02.2022;;belegt;FALSCH;;;;;;;;;;;;;;;;;;;;;;;;2031;;;;;;;;;;;;;;;;;;;;;;;;;;;;;;;;;;;;;;;FALSCH;1;;;;
5454;5025372;ZLA - 135;;;;ZLA;AWT ZLA REIN;;AWT Bahnhof NZ2;;;;;;;;;;;05025372;WAHR;FALSCH;FALSCH;;;;;;;;;;;;;;;;;;;;;;;;;FALSCH;FALSCH;;;;FALSCH;FALSCH;;;ABAZI;DYN_Import;07-05-2020  11:59;02.02.2022;;belegt;FALSCH;;;;;;;;;;;;;;;;;;;;;;;;1670;;;;;;;;;;;;;;;;;;;;;;;;;;;;;;;;;;;;;;;FALSCH;1;;;;
5455;5025373;ZLA - 136;;;;ZLA;AWT ZLA REIN;;AWT Bahnhof K1;;;;;;;;;;;05025373;WAHR;FALSCH;FALSCH;;;;;;;;;;;;;;;;;;;;;;;;;FALSCH;FALSCH;;;;FALSCH;FALSCH;;;ABAZI;DYN_Import;07-05-2020  11:59;02.02.2022;;belegt;FALSCH;;;;;;;;;;;;;;;;;;;;;;;;2064;;;;;;;;;;;;;;;;;;;;;;;;;;;;;;;;;;;;;;;FALSCH;1;;;;
5456;5025374;ZLA - 137;;;;ZLA;AWT ZLA REIN;;AWT Bahnhof M3;;;;;;;;;;;05025374;WAHR;FALSCH;FALSCH;;;;;;;;;;;;;;;;;;;;;;;;;FALSCH;FALSCH;;;;FALSCH;FALSCH;;;ABAZI;DYN_Import;07-05-2020  11:59;02.02.2022;;belegt;FALSCH;;;;;;;;;;;;;;;;;;;;;;;;1858;;;;;;;;;;;;;;;;;;;;;;;;;;;;;;;;;;;;;;;FALSCH;1;;;;
5457;5025375;ZLA - 138;;;;ZLA;AWT ZLA REIN;;AWT Bahnhof M3;;;;;;;;;;;05025375;WAHR;FALSCH;FALSCH;;;;;;;;;;;;;;;;;;;;;;;;;FALSCH;FALSCH;;;;FALSCH;FALSCH;;;ABAZI;DYN_Import;07-05-2020  11:59;02.02.2022;;belegt;FALSCH;;;;;;;;;;;;;;;;;;;;;;;;1383;;;;;;;;;;;;;;;;;;;;;;;;;;;;;;;;;;;;;;;FALSCH;1;;;;
5458;5025376;ZLA - 139;;;;ZLA;AWT ZLA REIN;;AWT Bahnhof NZ2;;;;;;;;;;;05025376;WAHR;FALSCH;FALSCH;;;;;;;;;;;;;;;;;;;;;;;;;FALSCH;FALSCH;;;;FALSCH;FALSCH;;;ABAZI;DYN_Import;07-05-2020  11:59;02.02.2022;;belegt;FALSCH;;;;;;;;;;;;;;;;;;;;;;;;1919;;;;;;;;;;;;;;;;;;;;;;;;;;;;;;;;;;;;;;;FALSCH;1;;;;
5459;5025377;ZLA - 140;;;;ZLA;AWT ZLA REIN;;AWT Bahnhof NZ2;;;;;;;;;;;05025377;WAHR;FALSCH;FALSCH;;;;;;;;;;;;;;;;;;;;;;;;;FALSCH;FALSCH;;;;FALSCH;FALSCH;;;ABAZI;DYN_Import;07-05-2020  11:59;02.02.2022;;belegt;FALSCH;;;;;;;;;;;;;;;;;;;;;;;;1804;;;;;;;;;;;;;;;;;;;;;;;;;;;;;;;;;;;;;;;FALSCH;1;;;;
5460;5025378;ZLA - 141;;;;ZLA;AWT ZLA REIN;;AWT Bahnhof K2;;;;;;;;;;;05025378;WAHR;FALSCH;FALSCH;;;;;;;;;;;;;;;;;;;;;;;;;FALSCH;FALSCH;;;;FALSCH;FALSCH;;;ABAZI;DYN_Import;07-05-2020  11:59;02.02.2022;;belegt;FALSCH;;;;;;;;;;;;;;;;;;;;;;;;2068;;;;;;;;;;;;;;;;;;;;;;;;;;;;;;;;;;;;;;;FALSCH;1;;;;
5461;5025379;ZLA - 142;;;;ZLA;AWT ZLA REIN;;AWT Bahnhof NZ2;;;;;;;;;;;05025379;WAHR;FALSCH;FALSCH;;;;;;;;;;;;;;;;;;;;;;;;;FALSCH;FALSCH;;;;FALSCH;FALSCH;;;ABAZI;DYN_Import;07-05-2020  11:59;02.02.2022;;belegt;FALSCH;;;;;;;;;;;;;;;;;;;;;;;;1610;;;;;;;;;;;;;;;;;;;;;;;;;;;;;;;;;;;;;;;FALSCH;1;;;;
5462;5025380;ZLA - 143;;;;ZLA;AWT ZLA REIN;;AWT Bahnhof M3;;;;;;;;;;;05025380;WAHR;FALSCH;FALSCH;;;;;;;;;;;;;;;;;;;;;;;;;FALSCH;FALSCH;;;;FALSCH;FALSCH;;;ABAZI;DYN_Import;07-05-2020  11:59;02.02.2022;;belegt;FALSCH;;;;;;;;;;;;;;;;;;;;;;;;1126;;;;;;;;;;;;;;;;;;;;;;;;;;;;;;;;;;;;;;;FALSCH;1;;;;
5463;5025381;ZLA - 144;;;;ZLA;AWT ZLA REIN;;AWT Bahnhof F1;;;;;;;;;;;05025381;WAHR;FALSCH;FALSCH;;;;;;;;;;;;;;;;;;;;;;;;;FALSCH;FALSCH;;;;FALSCH;FALSCH;;;ABAZI;DYN_Import;07-05-2020  11:59;02.02.2022;;belegt;FALSCH;;;;;;;;;;;;;;;;;;;;;;;;1984;;;;;;;;;;;;;;;;;;;;;;;;;;;;;;;;;;;;;;;FALSCH;1;;;;
5464;5025382;ZLA - 145;;;;ZLA;AWT ZLA REIN;;AWT ZLA REIN;;;;;;;;;;;05025382;WAHR;FALSCH;FALSCH;;;;;;;;;;;;;;;;;;;;;;;;;FALSCH;FALSCH;;;;FALSCH;FALSCH;;;ABAZI;DYN_Import;07-05-2020  11:59;02.02.2022;;;FALSCH;;;;;;;;;;;;;;;;;;;;;;;;;;;;;;;;;;;;;;;;;;;;;;;;;;;;;;;;;;;;;;;FALSCH;1;;;;
8661;5027748;ZLA - 146;;;;ZLA;AWT ZLA REIN;;AWT Bahnhof IT;;;01.01.2024;;1;;;;;;05027748;WAHR;FALSCH;FALSCH;;;;;;;;;;;;;;;;;;;;;;;;;FALSCH;FALSCH;;;;FALSCH;FALSCH;;;;DYNAMED;28-05-2024  15:57;;;belegt;FALSCH;;;;;;;;;;;;;;;;;;;;;;;;733;;;;;;;;;;;;;;;;;;;;;;;;;;;;;;;;;;;;;;;FALSCH;;;;;
8662;5027749;ZLA - 147;;;;ZLA;AWT ZLA REIN;;AWT Bahnhof NZ1;;;01.01.2024;;1;;;;;;05027749;WAHR;FALSCH;FALSCH;;;;;;;;;;;;;;;;;;;;;;;;;FALSCH;FALSCH;;;;FALSCH;FALSCH;;;;DYNAMED;28-05-2024  15:57;;;belegt;FALSCH;;;;;;;;;;;;;;;;;;;;;;;;1437;;;;;;;;;;;;;;;;;;;;;;;;;;;;;;;;;;;;;;;FALSCH;;;;;
8663;5027750;ZLA - 148;;;;ZLA;AWT ZLA REIN;;AWT Bahnhof NZ2;;;01.01.2024;;1;;;;;;05027750;WAHR;FALSCH;FALSCH;;;;;;;;;;;;;;;;;;;;;;;;;FALSCH;FALSCH;;;;FALSCH;FALSCH;;;;DYNAMED;28-05-2024  15:57;;;belegt;FALSCH;;;;;;;;;;;;;;;;;;;;;;;;884;;;;;;;;;;;;;;;;;;;;;;;;;;;;;;;;;;;;;;;FALSCH;;;;;
8664;5027751;ZLA - 149;;;;ZLA;AWT ZLA REIN;;AWT Bahnhof K1;;;01.01.2024;;1;;;;;;05027751;WAHR;FALSCH;FALSCH;;;;;;;;;;;;;;;;;;;;;;;;;FALSCH;FALSCH;;;;FALSCH;FALSCH;;;;DYNAMED;28-05-2024  15:57;;;belegt;FALSCH;;;;;;;;;;;;;;;;;;;;;;;;920;;;;;;;;;;;;;;;;;;;;;;;;;;;;;;;;;;;;;;;FALSCH;;;;;
8665;5027752;ZLA - 150;;;;ZLA;AWT ZLA REIN;;AWT Bahnhof F1;;;01.01.2024;;1;;;;;;05027752;WAHR;FALSCH;FALSCH;;;;;;;;;;;;;;;;;;;;;;;;;FALSCH;FALSCH;;;;FALSCH;FALSCH;;;;DYNAMED;28-05-2024  15:57;;;belegt;FALSCH;;;;;;;;;;;;;;;;;;;;;;;;866;;;;;;;;;;;;;;;;;;;;;;;;;;;;;;;;;;;;;;;FALSCH;;;;;
8666;5027753;ZLA - 151;;;;ZLA;AWT ZLA REIN;;AWT Bahnhof NZ2;;;01.01.2024;;1;;;;;;05027753;WAHR;FALSCH;FALSCH;;;;;;;;;;;;;;;;;;;;;;;;;FALSCH;FALSCH;;;;FALSCH;FALSCH;;;;DYNAMED;28-05-2024  15:57;;;belegt;FALSCH;;;;;;;;;;;;;;;;;;;;;;;;832;;;;;;;;;;;;;;;;;;;;;;;;;;;;;;;;;;;;;;;FALSCH;;;;;
8667;5027754;ZLA - 152;;;;ZLA;AWT ZLA REIN;;AWT Bahnhof M2;;;01.01.2024;;1;;;;;;05027754;WAHR;FALSCH;FALSCH;;;;;;;;;;;;;;;;;;;;;;;;;FALSCH;FALSCH;;;;FALSCH;FALSCH;;;;DYNAMED;28-05-2024  15:57;;;belegt;FALSCH;;;;;;;;;;;;;;;;;;;;;;;;923;;;;;;;;;;;;;;;;;;;;;;;;;;;;;;;;;;;;;;;FALSCH;;;;;
8668;5027755;ZLA - 153;;;;ZLA;AWT ZLA REIN;;AWT Bahnhof K1;;;01.01.2024;;1;;;;;;05027755;WAHR;FALSCH;FALSCH;;;;;;;;;;;;;;;;;;;;;;;;;FALSCH;FALSCH;;;;FALSCH;FALSCH;;;;DYNAMED;28-05-2024  15:57;;;belegt;FALSCH;;;;;;;;;;;;;;;;;;;;;;;;529;;;;;;;;;;;;;;;;;;;;;;;;;;;;;;;;;;;;;;;FALSCH;;;;;
8669;5027756;ZLA - 154;;;;ZLA;AWT ZLA REIN;;AWT Bahnhof M3;;;01.01.2024;;1;;;;;;05027756;WAHR;FALSCH;FALSCH;;;;;;;;;;;;;;;;;;;;;;;;;FALSCH;FALSCH;;;;FALSCH;FALSCH;;;;DYNAMED;28-05-2024  15:57;;;belegt;FALSCH;;;;;;;;;;;;;;;;;;;;;;;;916;;;;;;;;;;;;;;;;;;;;;;;;;;;;;;;;;;;;;;;FALSCH;;;;;
8670;5027757;ZLA - 155;;;;ZLA;AWT ZLA REIN;;AWT Bahnhof F2;;;01.01.2024;;1;;;;;;05027757;WAHR;FALSCH;FALSCH;;;;;;;;;;;;;;;;;;;;;;;;;FALSCH;FALSCH;;;;FALSCH;FALSCH;;;;DYNAMED;28-05-2024  15:57;;;belegt;FALSCH;;;;;;;;;;;;;;;;;;;;;;;;968;;;;;;;;;;;;;;;;;;;;;;;;;;;;;;;;;;;;;;;FALSCH;;;;;
5465;5015322;ZLA - 507;;;;ZLA;AWT ZLA REIN;;AWT Bahnhof M3;;;;;;;;;;;05015322;WAHR;FALSCH;FALSCH;;;;;;;;;;;;;;;;;;;;;;;;;FALSCH;FALSCH;;;;FALSCH;FALSCH;;;ABAZI;DYN_Import;07-05-2020  11:59;19.05.2020;;belegt;FALSCH;;;;;;;;;;;;;;;;;;;;;;;;546;;;;;;;;;;;;;;;;;;;;;;;;;;;;;;;;;;;;;;;FALSCH;;;;;
5466;5015323;ZLA - 508;;;;ZLA;AWT ZLA REIN;;AWT Bahnhof F2;;;;;;;;;;;05015323;WAHR;FALSCH;FALSCH;;;;;;;;;;;;;;;;;;;;;;;;;FALSCH;FALSCH;;;;FALSCH;FALSCH;;;ABAZI;DYN_Import;07-05-2020  11:59;19.05.2020;;belegt;FALSCH;;;;;;;;;;;;;;;;;;;;;;;;914;;;;;;;;;;;;;;;;;;;;;;;;;;;;;;;;;;;;;;;FALSCH;;;;;
5467;5015324;ZLA - 509;;;;ZLA;AWT ZLA REIN;;AWT Bahnhof M2;;;;;;;;;;;05015324;WAHR;FALSCH;FALSCH;;;;;;;;;;;;;;;;;;;;;;;;;FALSCH;FALSCH;;;;FALSCH;FALSCH;;;ABAZI;DYN_Import;07-05-2020  11:59;19.05.2020;;belegt;FALSCH;;;;;;;;;;;;;;;;;;;;;;;;443;;;;;;;;;;;;;;;;;;;;;;;;;;;;;;;;;;;;;;;FALSCH;;;;;
5468;5015328;ZLA - 516;;;;ZLA;AWT ZLA REIN;;AWT Bahnhof M3;;;;;;;;;;;05015328;WAHR;FALSCH;FALSCH;;;;;;;;;;;;;;;;;;;;;;;;;FALSCH;FALSCH;;;;FALSCH;FALSCH;;;ABAZI;DYN_Import;07-05-2020  11:59;19.05.2020;;belegt;FALSCH;;;;;;;;;;;;;;;;;;;;;;;;802;;;;;;;;;;;;;;;;;;;;;;;;;;;;;;;;;;;;;;;FALSCH;;;;;
5478;5015329;ZLA - 517;;;;ZLA;AWT ZLA REIN;;AWT Bahnhof M3;;;;;;;;;;;05015329;WAHR;FALSCH;FALSCH;;;;;;;;;;;;;;;;;;;;;;;;;FALSCH;FALSCH;;;;FALSCH;FALSCH;;;ABAZI;ABAZI;19-05-2020  14:24;19.05.2020;;belegt;FALSCH;;;;;;;;;;;;;;;;;;;;;;;;803;;;;;;;;;;;;;;;;;;;;;;;;;;;;;;;;;;;;;;;FALSCH;;;;;
5479;5015334;ZLA - 522;;;;ZLA;AWT ZLA REIN;;M 3032;;;;;;;;;;;05015334;WAHR;FALSCH;FALSCH;;;;;;;;;;;;;;;;;;;;;;;;;FALSCH;FALSCH;;;;FALSCH;FALSCH;;;ABAZI;ABAZI;19-05-2020  14:30;19.05.2020;;belegt;FALSCH;;;;;;;;;;;;;;;;;;;;;;;;4629;;;;;;;;;;;;;;;;;;;;;;;;;;;;;;;;;;;;;;;FALSCH;;;;;
5480;5015335;ZLA - 523;;;;ZLA;AWT ZLA REIN;;AWT Bahnhof M3;;;;;;;;;;;05015335;WAHR;FALSCH;FALSCH;;;;;;;;;;;;;;;;;;;;;;;;;FALSCH;FALSCH;;;;FALSCH;FALSCH;;;ABAZI;ABAZI;19-05-2020  14:32;19.05.2020;;belegt;FALSCH;;;;;;;;;;;;;;;;;;;;;;;;4742;;;;;;;;;;;;;;;;;;;;;;;;;;;;;;;;;;;;;;;FALSCH;;;;;
5481;5015336;ZLA - 524;;;;ZLA;AWT ZLA REIN;;AWT Bahnhof IT;;;;;;;;;;;05015336;WAHR;FALSCH;FALSCH;;;;;;;;;;;;;;;;;;;;;;;;;FALSCH;FALSCH;;;;FALSCH;FALSCH;;;ABAZI;ABAZI;19-05-2020  14:33;19.05.2020;;belegt;FALSCH;;;;;;;;;;;;;;;;;;;;;;;;4495;;;;;;;;;;;;;;;;;;;;;;;;;;;;;;;;;;;;;;;FALSCH;;;;;
5473;5015337;ZLA - 525;;;;ZLA;AWT ZLA REIN;;AWT Bahnhof NZ2;;;;;0;;;;;;05015337;WAHR;FALSCH;FALSCH;;;;;;;;;;;;;;;;;;;;;;;;;FALSCH;FALSCH;;;;FALSCH;FALSCH;;;;DYN_Import;07-05-2020  11:59;;;belegt;FALSCH;;;;;;;;;;;;;;;;;;;;;;;;4214;;;;;;;;;;;;;;;;;;;;;;;;;;;;;;;;;;;;;;;FALSCH;;;;;
5474;5015338;ZLA - 526;;;;ZLA;AWT ZLA REIN;;AWT Bahnhof NZ1;;;;;0;;;;;;05015338;WAHR;FALSCH;FALSCH;;;;;;;;;;;;;;;;;;;;;;;;;FALSCH;FALSCH;;;;FALSCH;FALSCH;;;;DYN_Import;07-05-2020  11:59;;;belegt;FALSCH;;;;;;;;;;;;;;;;;;;;;;;;3801;;;;;;;;;;;;;;;;;;;;;;;;;;;;;;;;;;;;;;;FALSCH;;;;;
4486;5015349;ZLA - 539;;;;ZLA;AWT ITZ Transportleitstelle;AWT ITZ Transportleitstelle;AWT Bahnhof M2;;;;;;;;;;;05015349;WAHR;FALSCH;FALSCH;;;;;;;;;;;;;;;;;;;;;;;;;FALSCH;FALSCH;;;;FALSCH;FALSCH;;;ABAZI;DYN_Import;07-05-2020  11:43;02.02.2022;;belegt;FALSCH;;;;;;;;;;;;;;;;;;;;;;;;1212;;;;;;;;;;;;;;;;;;;;;;;;;;;;;;;;;;;;;;;FALSCH;1;;;;
